{
  "resource_pack_name": "wojanshop",
  "texture_name": "atlas.items",
  "texture_data": {
    "wojanshop:hamburgermc": {"textures": "textures/items/hamburgermc"},
    "wojanshop:lody1": {"textures": "textures/items/lody1"},
    "wojanshop:lody2": {"textures": "textures/items/lody2"},
    "wojanshop:cocacola": {"textures": "textures/items/cocacola"},
    "wojanshop:napojwojan": {"textures": "textures/items/napojwojan"},
    "wojanshop:termos": {"textures": "textures/items/termos"},
    "wojanshop:bluza1": {"textures": "textures/items/bluza1"},
    "wojanshop:bluza2": {"textures": "textures/items/bluza2"},
    "wojanshop:koszulka1": {"textures": "textures/items/koszulka1"},
    "wojanshop:koszulka2": {"textures": "textures/items/koszulka2"},
    "wojanshop:czapka": {"textures": "textures/items/czapka"},
    "wojanshop:skarpetki": {"textures": "textures/items/skarpetki"},
    "wojanshop:breloczek1": {"textures": "textures/items/breloczek1"},
    "wojanshop:breloczek2": {"textures": "textures/items/breloczek2"},
    "wojanshop:breloczek3": {"textures": "textures/items/breloczek3"},
    "wojanshop:breloczek4": {"textures": "textures/items/breloczek4"},
    "wojanshop:breloczek5": {"textures": "textures/items/breloczek5"},
    "wojanshop:breloczek6": {"textures": "textures/items/breloczek6"},
    "wojanshop:breloczek7": {"textures": "textures/items/breloczek7"},
    "wojanshop:breloczek8": {"textures": "textures/items/breloczek8"},
    "wojanshop:breloczek9": {"textures": "textures/items/breloczek9"},
    "wojanshop:kubek1": {"textures": "textures/items/kubek1"},
    "wojanshop:kubek2": {"textures": "textures/items/kubek2"},
    "wojanshop:zeszyt1": {"textures": "textures/items/zeszyt1"},
    "wojanshop:dlugopis": {"textures": "textures/items/dlugopis"},
    "wojanshop:piornik1": {"textures": "textures/items/piornik1"},
    "wojanshop:plecak1": {"textures": "textures/items/plecak1"},
    "wojanshop:wojanteam": {"textures": "textures/items/wojanteam"}
  }
}
