{
  "format_version": "1.20.80",
  "minecraft:item": {
    "description": {
      "identifier": "wojanshop:lody2",
      "menu_category": {
        "category": "items"
      }
    },
    "components": {
      "minecraft:max_stack_size": 64,
      "minecraft:icon": "wojanshop:lody2",
      "minecraft:display_name": {
        "value": "Lody Czekoladowe"
      },
      "minecraft:food": {
        "nutrition": 3,
        "saturation_modifier": 0.5,
        "can_always_eat": false,
        "using_converts_to": "air"
      },
      "minecraft:use_animation": "eat",
      "minecraft:use_modifiers": {
        "use_duration": 1.6,
        "movement_modifier": 0.8
      }
    }
  }
}