{
  "format_version": "1.16.0",
  "minecraft:geometry": [
    {
      "description": {
        "identifier": "geometry.wojanshop_item",
        "texture_width": 16,
        "texture_height": 16,
        "visible_bounds_width": 2,
        "visible_bounds_height": 1.5,
        "visible_bounds_offset": [0, 0.25, 0]
      },
      "bones": [
        {
          "name": "rightitem",
          "pivot": [0, 0, 0],
          "texture_meshes": [
            {
              "texture": "default",
              "position": [0, 0, 0],
              "local_pivot": [8, 0, 8]
            }
          ]
        }
      ]
    }
  ]
}
